pedestrian_id;insident_id;Pedestrian or Pedalcyclist;Person Injury Severity
1;351072;PEDESTRIAN;POSSIBLE INJURY
2;351073;PEDESTRIAN;NOT INJURED
4;351075;PEDESTRIAN;POSSIBLE INJURY
5;351076;PEDESTRIAN;INCAPACITATING INJURY
6;351077;PEDESTRIAN;POSSIBLE INJURY
9;351080;PEDESTRIAN;POSSIBLE INJURY
11;351082;PEDESTRIAN;INCAPACITATING INJURY
12;351083;PEDESTRIAN;NON-INCAPACITATING INJURY
13;351084;PEDALCYCLIST;NON-INCAPACITATING INJURY
14;351085;PEDALCYCLIST;NON-INCAPACITATING INJURY
15;351086;PEDESTRIAN;INCAPACITATING INJURY
19;351090;PEDESTRIAN;NON-INCAPACITATING INJURY
20;351091;PEDALCYCLIST;POSSIBLE INJURY
21;351092;PEDALCYCLIST;POSSIBLE INJURY
23;351094;PEDESTRIAN;NON-INCAPACITATING INJURY
25;351096;PEDESTRIAN;NON-INCAPACITATING INJURY
27;351098;PEDALCYCLIST;NON-INCAPACITATING INJURY
28;351099;PEDESTRIAN;INCAPACITATING INJURY
29;351100;PEDESTRIAN;POSSIBLE INJURY
33;351104;PEDALCYCLIST;POSSIBLE INJURY
35;351106;PEDESTRIAN;POSSIBLE INJURY
36;351107;PEDESTRIAN;POSSIBLE INJURY
37;351108;PEDESTRIAN;NON-INCAPACITATING INJURY
38;351109;PEDESTRIAN;POSSIBLE INJURY
39;351109;PEDESTRIAN;NON-INCAPACITATING INJURY
40;351111;PEDESTRIAN;INCAPACITATING INJURY
41;351112;PEDESTRIAN;INCAPACITATING INJURY
42;351113;PEDESTRIAN;POSSIBLE INJURY
43;351114;PEDESTRIAN;INCAPACITATING INJURY
46;351117;PEDESTRIAN;INCAPACITATING INJURY
47;351118;PEDESTRIAN;POSSIBLE INJURY
48;351119;PEDESTRIAN;INCAPACITATING INJURY
49;351120;PEDESTRIAN;INCAPACITATING INJURY
50;351121;PEDESTRIAN;NON-INCAPACITATING INJURY
52;351123;PEDESTRIAN;POSSIBLE INJURY
54;351125;PEDESTRIAN;NON-INCAPACITATING INJURY
56;351127;PEDESTRIAN;INCAPACITATING INJURY
57;351128;PEDALCYCLIST;NON-INCAPACITATING INJURY
59;351130;PEDALCYCLIST;POSSIBLE INJURY
60;351131;PEDESTRIAN;NON-INCAPACITATING INJURY
61;351132;PEDALCYCLIST;NON-INCAPACITATING INJURY
63;351134;PEDESTRIAN;NON-INCAPACITATING INJURY
64;351135;PEDESTRIAN;INCAPACITATING INJURY
66;351137;PEDESTRIAN;UNKNOWN
68;351139;PEDESTRIAN;NON-INCAPACITATING INJURY
69;351140;PEDESTRIAN;POSSIBLE INJURY
70;351140;PEDESTRIAN;POSSIBLE INJURY
71;351142;PEDESTRIAN;POSSIBLE INJURY
72;351143;PEDESTRIAN;INCAPACITATING INJURY
73;351144;PEDESTRIAN;POSSIBLE INJURY
74;351145;PEDESTRIAN;POSSIBLE INJURY
77;351148;PEDALCYCLIST;NON-INCAPACITATING INJURY
78;351149;PEDESTRIAN;NON-INCAPACITATING INJURY
79;351150;PEDESTRIAN;INCAPACITATING INJURY
80;351151;PEDESTRIAN;NON-INCAPACITATING INJURY
82;351153;PEDESTRIAN;NON-INCAPACITATING INJURY
83;351154;PEDESTRIAN;NON-INCAPACITATING INJURY
85;351156;PEDESTRIAN;NON-INCAPACITATING INJURY
86;351157;PEDESTRIAN;NON-INCAPACITATING INJURY
88;351159;PEDESTRIAN;POSSIBLE INJURY
90;351161;PEDALCYCLIST;NON-INCAPACITATING INJURY
91;351162;PEDESTRIAN;NON-INCAPACITATING INJURY
92;351163;PEDESTRIAN;NON-INCAPACITATING INJURY
93;351164;PEDESTRIAN;NON-INCAPACITATING INJURY
94;351165;PEDALCYCLIST;POSSIBLE INJURY
96;351167;PEDESTRIAN;NON-INCAPACITATING INJURY
97;351167;PEDESTRIAN;NON-INCAPACITATING INJURY
98;351169;PEDALCYCLIST;NON-INCAPACITATING INJURY
99;351170;PEDESTRIAN;INCAPACITATING INJURY
100;351171;PEDESTRIAN;INCAPACITATING INJURY
102;351173;PEDALCYCLIST;NON-INCAPACITATING INJURY
103;351174;PEDESTRIAN;POSSIBLE INJURY
105;351176;PEDESTRIAN;POSSIBLE INJURY
106;351177;PEDESTRIAN;INCAPACITATING INJURY
107;351178;PEDESTRIAN;POSSIBLE INJURY
108;351179;PEDESTRIAN;NON-INCAPACITATING INJURY
110;351181;PEDESTRIAN;NON-INCAPACITATING INJURY
111;351182;PEDALCYCLIST;INCAPACITATING INJURY
112;351183;PEDESTRIAN;INCAPACITATING INJURY
116;351187;PEDESTRIAN;NON-INCAPACITATING INJURY
117;351188;PEDESTRIAN;NON-INCAPACITATING INJURY
118;351189;PEDESTRIAN;UNKNOWN
120;351191;PEDESTRIAN;POSSIBLE INJURY
122;351191;PEDESTRIAN;INCAPACITATING INJURY
124;351195;PEDALCYCLIST;NON-INCAPACITATING INJURY
125;351195;PEDALCYCLIST;INCAPACITATING INJURY
126;351197;PEDESTRIAN;POSSIBLE INJURY
127;351198;PEDESTRIAN;POSSIBLE INJURY
128;351199;PEDESTRIAN;NON-INCAPACITATING INJURY
130;351201;PEDESTRIAN;NON-INCAPACITATING INJURY
131;351202;PEDESTRIAN;INCAPACITATING INJURY
132;351203;PEDALCYCLIST;INCAPACITATING INJURY
133;351204;PEDESTRIAN;INCAPACITATING INJURY
136;351207;PEDESTRIAN;POSSIBLE INJURY
137;351208;PEDESTRIAN;POSSIBLE INJURY
138;351209;PEDESTRIAN;NON-INCAPACITATING INJURY
139;351210;PEDESTRIAN;INCAPACITATING INJURY
140;351211;PEDESTRIAN;INCAPACITATING INJURY
141;351212;PEDALCYCLIST;POSSIBLE INJURY
142;351213;PEDESTRIAN;NON-INCAPACITATING INJURY
143;351214;PEDESTRIAN;NON-INCAPACITATING INJURY
144;351215;PEDESTRIAN;POSSIBLE INJURY
145;351216;PEDALCYCLIST;POSSIBLE INJURY
146;351217;PEDESTRIAN;POSSIBLE INJURY
148;351219;PEDESTRIAN;INCAPACITATING INJURY
151;351222;PEDESTRIAN;POSSIBLE INJURY
152;351223;PEDESTRIAN;NON-INCAPACITATING INJURY
153;351224;PEDESTRIAN;INCAPACITATING INJURY
154;351225;PEDESTRIAN;INCAPACITATING INJURY
155;351226;PEDESTRIAN;NON-INCAPACITATING INJURY
156;351227;PEDALCYCLIST;INCAPACITATING INJURY
158;351229;PEDESTRIAN;POSSIBLE INJURY
159;351230;PEDESTRIAN;POSSIBLE INJURY
160;351231;PEDESTRIAN;NON-INCAPACITATING INJURY
162;351233;PEDESTRIAN;NON-INCAPACITATING INJURY
163;351233;PEDESTRIAN;NON-INCAPACITATING INJURY
164;351235;PEDALCYCLIST;NON-INCAPACITATING INJURY
165;351236;PEDESTRIAN;UNKNOWN
167;351238;PEDESTRIAN;POSSIBLE INJURY
168;351239;PEDESTRIAN;UNKNOWN
169;351240;PEDESTRIAN;NON-INCAPACITATING INJURY
171;351242;PEDESTRIAN;INCAPACITATING INJURY
172;351243;PEDESTRIAN;NON-INCAPACITATING INJURY
173;351244;PEDESTRIAN;NON-INCAPACITATING INJURY
174;351245;PEDESTRIAN;NON-INCAPACITATING INJURY
175;351246;PEDESTRIAN;NON-INCAPACITATING INJURY
176;351247;PEDESTRIAN;NON-INCAPACITATING INJURY
179;351250;PEDESTRIAN;INCAPACITATING INJURY
180;351251;PEDESTRIAN;NON-INCAPACITATING INJURY
181;351252;PEDESTRIAN;INCAPACITATING INJURY
182;351253;PEDESTRIAN;INCAPACITATING INJURY
183;351254;PEDESTRIAN;NON-INCAPACITATING INJURY
184;351255;PEDESTRIAN;INCAPACITATING INJURY
185;351256;PEDESTRIAN;POSSIBLE INJURY
186;351257;PEDESTRIAN;POSSIBLE INJURY
187;351258;PEDESTRIAN;POSSIBLE INJURY
188;351259;PEDESTRIAN;POSSIBLE INJURY
189;351260;PEDESTRIAN;NON-INCAPACITATING INJURY
190;351261;PEDESTRIAN;NON-INCAPACITATING INJURY
192;351263;PEDESTRIAN;POSSIBLE INJURY
194;351265;PEDESTRIAN;POSSIBLE INJURY
195;351266;PEDESTRIAN;UNKNOWN
196;351266;PEDESTRIAN;POSSIBLE INJURY
197;351268;PEDESTRIAN;INCAPACITATING INJURY
200;351271;PEDESTRIAN;NON-INCAPACITATING INJURY
201;351272;PEDESTRIAN;POSSIBLE INJURY
203;351274;PEDESTRIAN;POSSIBLE INJURY
208;351279;PEDESTRIAN;INCAPACITATING INJURY
209;351280;PEDESTRIAN;NON-INCAPACITATING INJURY
211;351282;PEDESTRIAN;POSSIBLE INJURY
212;351283;PEDESTRIAN;POSSIBLE INJURY
213;351284;PEDESTRIAN;INCAPACITATING INJURY
214;351285;PEDESTRIAN;INCAPACITATING INJURY
215;351286;PEDESTRIAN;POSSIBLE INJURY
216;351287;PEDESTRIAN;POSSIBLE INJURY
217;351288;PEDESTRIAN;POSSIBLE INJURY
218;351289;PEDESTRIAN;POSSIBLE INJURY
219;351290;PEDESTRIAN;NON-INCAPACITATING INJURY
220;351291;PEDESTRIAN;NOT INJURED
221;351292;PEDALCYCLIST;NON-INCAPACITATING INJURY
222;351293;PEDESTRIAN;POSSIBLE INJURY
224;351295;PEDESTRIAN;NON-INCAPACITATING INJURY
225;351296;PEDESTRIAN;NON-INCAPACITATING INJURY
226;351297;PEDALCYCLIST;INCAPACITATING INJURY
227;351298;PEDESTRIAN;INCAPACITATING INJURY
231;351302;PEDESTRIAN;POSSIBLE INJURY
233;351304;PEDESTRIAN;NON-INCAPACITATING INJURY
234;351305;PEDESTRIAN;INCAPACITATING INJURY
236;351307;PEDESTRIAN;NON-INCAPACITATING INJURY
239;351310;PEDESTRIAN;UNKNOWN
240;351311;PEDESTRIAN;INCAPACITATING INJURY
241;351312;PEDESTRIAN;NON-INCAPACITATING INJURY
244;351315;PEDESTRIAN;NON-INCAPACITATING INJURY
246;351317;PEDESTRIAN;INCAPACITATING INJURY
247;351318;PEDALCYCLIST;POSSIBLE INJURY
250;351321;PEDALCYCLIST;POSSIBLE INJURY
251;351322;PEDALCYCLIST;POSSIBLE INJURY
252;351323;PEDALCYCLIST;POSSIBLE INJURY
253;351324;PEDESTRIAN;NOT INJURED
256;351327;PEDESTRIAN;POSSIBLE INJURY
258;351329;PEDESTRIAN;NOT INJURED
259;351330;PEDESTRIAN;NON-INCAPACITATING INJURY
260;351331;PEDESTRIAN;INCAPACITATING INJURY
261;351332;PEDESTRIAN;POSSIBLE INJURY
262;351333;PEDESTRIAN;NON-INCAPACITATING INJURY
263;351334;PEDESTRIAN;POSSIBLE INJURY
264;351335;PEDESTRIAN;POSSIBLE INJURY
265;351336;PEDESTRIAN;NON-INCAPACITATING INJURY
266;351337;PEDESTRIAN;POSSIBLE INJURY
267;351338;PEDESTRIAN;POSSIBLE INJURY
268;351339;PEDESTRIAN;INCAPACITATING INJURY
270;351341;PEDALCYCLIST;INCAPACITATING INJURY
271;351341;PEDESTRIAN;UNKNOWN
272;351343;PEDESTRIAN;NON-INCAPACITATING INJURY
273;351344;PEDESTRIAN;NON-INCAPACITATING INJURY
274;351345;PEDALCYCLIST;INCAPACITATING INJURY
276;351347;PEDESTRIAN;NOT INJURED
277;351348;PEDESTRIAN;POSSIBLE INJURY
278;351349;PEDESTRIAN;POSSIBLE INJURY
280;351351;PEDESTRIAN;POSSIBLE INJURY
281;351351;PEDESTRIAN;POSSIBLE INJURY
282;351353;PEDESTRIAN;INCAPACITATING INJURY
283;351354;PEDALCYCLIST;NON-INCAPACITATING INJURY
284;351355;PEDALCYCLIST;NON-INCAPACITATING INJURY
285;351356;PEDALCYCLIST;NON-INCAPACITATING INJURY
286;351357;PEDESTRIAN;INCAPACITATING INJURY
289;351360;PEDESTRIAN;INCAPACITATING INJURY
290;351360;PEDESTRIAN;INCAPACITATING INJURY
291;351362;PEDESTRIAN;POSSIBLE INJURY
293;351364;PEDESTRIAN;POSSIBLE INJURY
294;351365;PEDESTRIAN;NON-INCAPACITATING INJURY
295;351366;PEDESTRIAN;POSSIBLE INJURY
296;351367;PEDESTRIAN;POSSIBLE INJURY
298;351369;PEDESTRIAN;NOT INJURED
301;351372;PEDESTRIAN;NON-INCAPACITATING INJURY
302;351373;PEDALCYCLIST;NON-INCAPACITATING INJURY
303;351374;PEDESTRIAN;POSSIBLE INJURY
304;351375;PEDESTRIAN;POSSIBLE INJURY
305;351376;PEDESTRIAN;INCAPACITATING INJURY
306;351377;PEDALCYCLIST;NON-INCAPACITATING INJURY
307;351378;PEDESTRIAN;NON-INCAPACITATING INJURY
308;351379;PEDESTRIAN;NON-INCAPACITATING INJURY
309;351380;PEDESTRIAN;NON-INCAPACITATING INJURY
310;351381;PEDESTRIAN;NON-INCAPACITATING INJURY
311;351382;PEDESTRIAN;POSSIBLE INJURY
312;351383;PEDESTRIAN;POSSIBLE INJURY
313;351384;PEDESTRIAN;NON-INCAPACITATING INJURY
314;351385;PEDESTRIAN;UNKNOWN
316;351387;PEDESTRIAN;POSSIBLE INJURY
317;351388;PEDALCYCLIST;NOT INJURED
318;351388;PEDALCYCLIST;NON-INCAPACITATING INJURY
319;351390;PEDESTRIAN;NON-INCAPACITATING INJURY
320;351391;PEDESTRIAN;NON-INCAPACITATING INJURY
321;351392;PEDESTRIAN;KILLED
322;351393;PEDESTRIAN;KILLED
325;351396;PEDESTRIAN;KILLED
326;351397;PEDESTRIAN;KILLED
328;351399;PEDESTRIAN;KILLED
329;351400;PEDESTRIAN;KILLED
333;351404;PEDALCYCLIST;POSSIBLE INJURY
334;351405;PEDALCYCLIST;POSSIBLE INJURY
337;351408;PEDESTRIAN;INCAPACITATING INJURY
338;351409;PEDALCYCLIST;NON-INCAPACITATING INJURY
340;351411;PEDESTRIAN;NON-INCAPACITATING INJURY
341;351412;PEDESTRIAN;NON-INCAPACITATING INJURY
342;351413;PEDESTRIAN;NON-INCAPACITATING INJURY
344;351415;PEDESTRIAN;INCAPACITATING INJURY
345;351416;PEDESTRIAN;NON-INCAPACITATING INJURY
349;351420;PEDESTRIAN;NON-INCAPACITATING INJURY
350;351421;PEDESTRIAN;POSSIBLE INJURY
351;351422;PEDESTRIAN;NON-INCAPACITATING INJURY
355;351426;PEDESTRIAN;POSSIBLE INJURY
356;351427;PEDESTRIAN;NON-INCAPACITATING INJURY
357;351428;PEDALCYCLIST;POSSIBLE INJURY
358;351429;PEDALCYCLIST;POSSIBLE INJURY
359;351430;PEDESTRIAN;POSSIBLE INJURY
361;351432;PEDESTRIAN;NON-INCAPACITATING INJURY
362;351433;PEDALCYCLIST;INCAPACITATING INJURY
366;351437;PEDESTRIAN;POSSIBLE INJURY
367;351438;PEDESTRIAN;NON-INCAPACITATING INJURY
368;351439;PEDALCYCLIST;POSSIBLE INJURY
369;351440;PEDALCYCLIST;POSSIBLE INJURY
372;351443;PEDALCYCLIST;POSSIBLE INJURY
373;351444;PEDESTRIAN;POSSIBLE INJURY
376;351447;PEDESTRIAN;NON-INCAPACITATING INJURY
377;351448;PEDESTRIAN;UNKNOWN
378;351449;PEDESTRIAN;POSSIBLE INJURY
380;351451;PEDESTRIAN;NON-INCAPACITATING INJURY
381;351452;PEDESTRIAN;POSSIBLE INJURY
382;351453;PEDESTRIAN;NON-INCAPACITATING INJURY
383;351454;PEDESTRIAN;NON-INCAPACITATING INJURY
384;351455;PEDESTRIAN;POSSIBLE INJURY
386;351457;PEDALCYCLIST;POSSIBLE INJURY
387;351458;PEDESTRIAN;POSSIBLE INJURY
388;351459;PEDESTRIAN;POSSIBLE INJURY
389;351460;PEDESTRIAN;POSSIBLE INJURY
390;351461;PEDALCYCLIST;POSSIBLE INJURY
391;351462;PEDESTRIAN;INCAPACITATING INJURY
392;351462;PEDESTRIAN;NON-INCAPACITATING INJURY
393;351464;PEDESTRIAN;POSSIBLE INJURY
394;351465;PEDESTRIAN;NON-INCAPACITATING INJURY
395;351466;PEDALCYCLIST;NON-INCAPACITATING INJURY
396;351467;PEDESTRIAN;POSSIBLE INJURY
397;351468;PEDESTRIAN;NON-INCAPACITATING INJURY
402;351473;PEDESTRIAN;POSSIBLE INJURY
403;351474;PEDESTRIAN;INCAPACITATING INJURY
406;351477;PEDALCYCLIST;POSSIBLE INJURY
407;351478;PEDESTRIAN;INCAPACITATING INJURY
408;351479;PEDESTRIAN;INCAPACITATING INJURY
409;351480;PEDESTRIAN;NON-INCAPACITATING INJURY
410;351481;PEDESTRIAN;POSSIBLE INJURY
411;351482;PEDESTRIAN;POSSIBLE INJURY
412;351483;PEDESTRIAN;INCAPACITATING INJURY
413;351484;PEDESTRIAN;POSSIBLE INJURY
414;351485;PEDESTRIAN;POSSIBLE INJURY
415;351486;PEDESTRIAN;POSSIBLE INJURY
417;351488;PEDESTRIAN;INCAPACITATING INJURY
418;351489;PEDESTRIAN;NON-INCAPACITATING INJURY
419;351490;PEDESTRIAN;NON-INCAPACITATING INJURY
420;351491;PEDESTRIAN;NON-INCAPACITATING INJURY
422;351493;PEDESTRIAN;NON-INCAPACITATING INJURY
423;351494;PEDESTRIAN;POSSIBLE INJURY
424;351495;PEDESTRIAN;POSSIBLE INJURY
425;351496;PEDALCYCLIST;POSSIBLE INJURY
428;351499;PEDESTRIAN;POSSIBLE INJURY
429;351500;PEDESTRIAN;POSSIBLE INJURY
431;351502;PEDESTRIAN;NON-INCAPACITATING INJURY
432;351503;PEDALCYCLIST;POSSIBLE INJURY
433;351504;PEDALCYCLIST;POSSIBLE INJURY
434;351505;PEDESTRIAN;POSSIBLE INJURY
435;351506;PEDESTRIAN;POSSIBLE INJURY
437;351508;PEDALCYCLIST;POSSIBLE INJURY
438;351509;PEDESTRIAN;NON-INCAPACITATING INJURY
439;351510;PEDESTRIAN;NON-INCAPACITATING INJURY
440;351511;PEDESTRIAN;NON-INCAPACITATING INJURY
441;351512;PEDESTRIAN;POSSIBLE INJURY
442;351513;PEDALCYCLIST;POSSIBLE INJURY
443;351514;PEDESTRIAN;POSSIBLE INJURY
444;351515;PEDESTRIAN;INCAPACITATING INJURY
445;351516;PEDESTRIAN;INCAPACITATING INJURY
446;351517;PEDESTRIAN;POSSIBLE INJURY
447;351518;PEDESTRIAN;NON-INCAPACITATING INJURY
448;351519;PEDESTRIAN;POSSIBLE INJURY
449;351520;PEDALCYCLIST;NON-INCAPACITATING INJURY
450;351521;PEDESTRIAN;NON-INCAPACITATING INJURY
451;351522;PEDESTRIAN;NON-INCAPACITATING INJURY
453;351524;PEDESTRIAN;POSSIBLE INJURY
457;351528;PEDESTRIAN;NON-INCAPACITATING INJURY
459;351530;PEDESTRIAN;POSSIBLE INJURY
460;351531;PEDESTRIAN;NON-INCAPACITATING INJURY
461;351532;PEDALCYCLIST;POSSIBLE INJURY
463;351534;PEDESTRIAN;INCAPACITATING INJURY
466;351537;PEDESTRIAN;POSSIBLE INJURY
467;351537;PEDESTRIAN;POSSIBLE INJURY
468;351539;PEDESTRIAN;UNKNOWN
469;351540;PEDESTRIAN;INCAPACITATING INJURY
470;351541;PEDALCYCLIST;POSSIBLE INJURY
471;351542;PEDESTRIAN;POSSIBLE INJURY
472;351543;PEDALCYCLIST;POSSIBLE INJURY
473;351544;PEDESTRIAN;UNKNOWN
474;351545;PEDALCYCLIST;INCAPACITATING INJURY
475;351546;PEDESTRIAN;POSSIBLE INJURY
476;351547;PEDESTRIAN;POSSIBLE INJURY
477;351548;PEDESTRIAN;POSSIBLE INJURY
478;351549;PEDALCYCLIST;POSSIBLE INJURY
479;351550;PEDESTRIAN;INCAPACITATING INJURY
480;351551;PEDESTRIAN;POSSIBLE INJURY
481;351552;PEDESTRIAN;POSSIBLE INJURY
483;351554;PEDESTRIAN;POSSIBLE INJURY
484;351555;PEDALCYCLIST;INCAPACITATING INJURY
486;351557;PEDESTRIAN;POSSIBLE INJURY
487;351558;PEDALCYCLIST;POSSIBLE INJURY
488;351559;PEDALCYCLIST;POSSIBLE INJURY
489;351560;PEDESTRIAN;NON-INCAPACITATING INJURY
490;351561;PEDALCYCLIST;NON-INCAPACITATING INJURY
494;351565;PEDESTRIAN;POSSIBLE INJURY
495;351566;PEDESTRIAN;POSSIBLE INJURY
496;351567;PEDALCYCLIST;INCAPACITATING INJURY
497;351568;PEDALCYCLIST;POSSIBLE INJURY
498;351569;PEDALCYCLIST;NON-INCAPACITATING INJURY
499;351570;PEDESTRIAN;NON-INCAPACITATING INJURY
500;351571;PEDESTRIAN;POSSIBLE INJURY
501;351572;PEDESTRIAN;NON-INCAPACITATING INJURY
502;351573;PEDESTRIAN;POSSIBLE INJURY
503;351574;PEDALCYCLIST;NON-INCAPACITATING INJURY
504;351575;PEDALCYCLIST;INCAPACITATING INJURY
505;351576;PEDESTRIAN;POSSIBLE INJURY
506;351577;PEDALCYCLIST;NON-INCAPACITATING INJURY
507;351578;PEDESTRIAN;POSSIBLE INJURY
509;351580;PEDESTRIAN;POSSIBLE INJURY
510;351581;PEDESTRIAN;NON-INCAPACITATING INJURY
511;351582;PEDALCYCLIST;POSSIBLE INJURY
512;351583;PEDESTRIAN;POSSIBLE INJURY
513;351584;PEDESTRIAN;NON-INCAPACITATING INJURY
514;351585;PEDESTRIAN;NON-INCAPACITATING INJURY
516;351587;PEDESTRIAN;POSSIBLE INJURY
517;351588;PEDESTRIAN;POSSIBLE INJURY
518;351589;PEDESTRIAN;POSSIBLE INJURY
519;351590;PEDESTRIAN;INCAPACITATING INJURY
521;351592;PEDALCYCLIST;NON-INCAPACITATING INJURY
522;351593;PEDESTRIAN;NON-INCAPACITATING INJURY
523;351594;PEDALCYCLIST;POSSIBLE INJURY
525;351596;PEDESTRIAN;POSSIBLE INJURY
528;351599;PEDESTRIAN;INCAPACITATING INJURY
530;351601;PEDESTRIAN;POSSIBLE INJURY
532;351603;PEDESTRIAN;POSSIBLE INJURY
533;351604;PEDESTRIAN;NON-INCAPACITATING INJURY
534;351605;PEDESTRIAN;NON-INCAPACITATING INJURY
535;351606;PEDESTRIAN;POSSIBLE INJURY
539;351610;PEDALCYCLIST;POSSIBLE INJURY
541;351612;PEDESTRIAN;POSSIBLE INJURY
542;351613;PEDESTRIAN;NON-INCAPACITATING INJURY
543;351614;PEDESTRIAN;POSSIBLE INJURY
544;351615;PEDALCYCLIST;POSSIBLE INJURY
545;351616;PEDESTRIAN;NON-INCAPACITATING INJURY
546;351617;PEDESTRIAN;POSSIBLE INJURY
547;351618;PEDESTRIAN;POSSIBLE INJURY
549;351620;PEDESTRIAN;INCAPACITATING INJURY
550;351621;PEDESTRIAN;POSSIBLE INJURY
551;351622;PEDESTRIAN;NON-INCAPACITATING INJURY
552;351623;PEDESTRIAN;POSSIBLE INJURY
553;351624;PEDESTRIAN;INCAPACITATING INJURY
554;351625;PEDESTRIAN;POSSIBLE INJURY
555;351626;PEDALCYCLIST;NON-INCAPACITATING INJURY
558;351629;PEDESTRIAN;POSSIBLE INJURY
559;351630;PEDALCYCLIST;NON-INCAPACITATING INJURY
560;351631;PEDESTRIAN;UNKNOWN
561;351632;PEDESTRIAN;POSSIBLE INJURY
562;351633;PEDALCYCLIST;INCAPACITATING INJURY
563;351634;PEDESTRIAN;POSSIBLE INJURY
564;351635;PEDALCYCLIST;NON-INCAPACITATING INJURY
565;351636;PEDESTRIAN;POSSIBLE INJURY
569;351640;PEDESTRIAN;NON-INCAPACITATING INJURY
570;351641;PEDESTRIAN;POSSIBLE INJURY
571;351642;PEDESTRIAN;POSSIBLE INJURY
572;351643;PEDESTRIAN;POSSIBLE INJURY
573;351644;PEDESTRIAN;POSSIBLE INJURY
574;351645;PEDESTRIAN;NON-INCAPACITATING INJURY
575;351646;PEDESTRIAN;POSSIBLE INJURY
576;351647;PEDALCYCLIST;POSSIBLE INJURY
577;351648;PEDESTRIAN;POSSIBLE INJURY
578;351649;PEDESTRIAN;NON-INCAPACITATING INJURY
580;351651;PEDESTRIAN;POSSIBLE INJURY
581;351652;PEDALCYCLIST;UNKNOWN
582;351653;PEDESTRIAN;NON-INCAPACITATING INJURY
583;351654;PEDESTRIAN;INCAPACITATING INJURY
586;351657;PEDESTRIAN;POSSIBLE INJURY
587;351657;PEDESTRIAN;INCAPACITATING INJURY
588;351657;PEDESTRIAN;INCAPACITATING INJURY
589;351657;PEDESTRIAN;INCAPACITATING INJURY
590;351657;PEDESTRIAN;INCAPACITATING INJURY
591;351657;PEDESTRIAN;INCAPACITATING INJURY
592;351657;PEDESTRIAN;NON-INCAPACITATING INJURY
593;351657;PEDESTRIAN;NON-INCAPACITATING INJURY
594;351657;PEDESTRIAN;NON-INCAPACITATING INJURY
595;351657;PEDESTRIAN;POSSIBLE INJURY
596;351657;PEDESTRIAN;INCAPACITATING INJURY
597;351668;PEDESTRIAN;POSSIBLE INJURY
599;351670;PEDESTRIAN;POSSIBLE INJURY
601;351672;PEDALCYCLIST;NON-INCAPACITATING INJURY
602;351673;PEDESTRIAN;NON-INCAPACITATING INJURY
603;351674;PEDESTRIAN;POSSIBLE INJURY
604;351675;PEDESTRIAN;INCAPACITATING INJURY
605;351676;PEDESTRIAN;POSSIBLE INJURY
606;351676;PEDESTRIAN;POSSIBLE INJURY
607;351678;PEDESTRIAN;POSSIBLE INJURY
608;351679;PEDESTRIAN;POSSIBLE INJURY
609;351680;PEDESTRIAN;POSSIBLE INJURY
610;351681;PEDESTRIAN;POSSIBLE INJURY
611;351682;PEDESTRIAN;NON-INCAPACITATING INJURY
612;351683;PEDESTRIAN;NON-INCAPACITATING INJURY
615;351686;PEDALCYCLIST;NON-INCAPACITATING INJURY
616;351687;PEDESTRIAN;NON-INCAPACITATING INJURY
617;351688;PEDESTRIAN;POSSIBLE INJURY
620;351691;PEDESTRIAN;UNKNOWN
621;351692;PEDESTRIAN;INCAPACITATING INJURY
622;351693;PEDALCYCLIST;NON-INCAPACITATING INJURY
623;351694;PEDESTRIAN;POSSIBLE INJURY
624;351695;PEDESTRIAN;POSSIBLE INJURY
625;351696;PEDESTRIAN;NON-INCAPACITATING INJURY
626;351697;PEDESTRIAN;POSSIBLE INJURY
628;351699;PEDALCYCLIST;NON-INCAPACITATING INJURY
629;351700;PEDALCYCLIST;POSSIBLE INJURY
632;351703;PEDALCYCLIST;POSSIBLE INJURY
633;351704;PEDESTRIAN;INCAPACITATING INJURY
634;351705;PEDESTRIAN;INCAPACITATING INJURY
635;351706;PEDESTRIAN;POSSIBLE INJURY
636;351707;PEDESTRIAN;POSSIBLE INJURY
637;351708;PEDESTRIAN;INCAPACITATING INJURY
638;351709;PEDALCYCLIST;NON-INCAPACITATING INJURY
639;351710;PEDALCYCLIST;NON-INCAPACITATING INJURY
640;351711;PEDESTRIAN;POSSIBLE INJURY
641;351712;PEDESTRIAN;NON-INCAPACITATING INJURY
642;351713;PEDESTRIAN;INCAPACITATING INJURY
643;351714;PEDESTRIAN;POSSIBLE INJURY
644;351715;PEDESTRIAN;NON-INCAPACITATING INJURY
645;351716;PEDESTRIAN;POSSIBLE INJURY
646;351717;PEDALCYCLIST;NON-INCAPACITATING INJURY
647;351718;PEDESTRIAN;POSSIBLE INJURY
648;351719;PEDESTRIAN;NON-INCAPACITATING INJURY
649;351720;PEDESTRIAN;POSSIBLE INJURY
650;351721;PEDESTRIAN;POSSIBLE INJURY
652;351723;PEDESTRIAN;POSSIBLE INJURY
653;351724;PEDALCYCLIST;POSSIBLE INJURY
654;351725;PEDESTRIAN;POSSIBLE INJURY
656;351727;PEDALCYCLIST;INCAPACITATING INJURY
660;351731;PEDESTRIAN;NON-INCAPACITATING INJURY
661;351732;PEDESTRIAN;POSSIBLE INJURY
662;351733;PEDESTRIAN;UNKNOWN
664;351735;PEDESTRIAN;POSSIBLE INJURY
666;351737;PEDESTRIAN;NON-INCAPACITATING INJURY
669;351740;PEDESTRIAN;NON-INCAPACITATING INJURY
671;351742;PEDESTRIAN;NON-INCAPACITATING INJURY
672;351743;PEDESTRIAN;NON-INCAPACITATING INJURY
673;351744;PEDESTRIAN;POSSIBLE INJURY
674;351745;PEDESTRIAN;POSSIBLE INJURY
675;351746;PEDESTRIAN;NON-INCAPACITATING INJURY
676;351747;PEDALCYCLIST;NON-INCAPACITATING INJURY
677;351748;PEDESTRIAN;POSSIBLE INJURY
678;351749;PEDALCYCLIST;NON-INCAPACITATING INJURY
679;351750;PEDALCYCLIST;NON-INCAPACITATING INJURY
680;351751;PEDESTRIAN;INCAPACITATING INJURY
682;351753;PEDALCYCLIST;POSSIBLE INJURY
683;351754;PEDESTRIAN;NON-INCAPACITATING INJURY
684;351755;PEDESTRIAN;POSSIBLE INJURY
685;351756;PEDESTRIAN;INCAPACITATING INJURY
686;351757;PEDESTRIAN;NON-INCAPACITATING INJURY
687;351758;PEDESTRIAN;POSSIBLE INJURY
688;351759;PEDESTRIAN;NON-INCAPACITATING INJURY
689;351760;PEDESTRIAN;POSSIBLE INJURY
690;351760;PEDALCYCLIST;UNKNOWN
691;351760;PEDESTRIAN;POSSIBLE INJURY
692;351763;PEDALCYCLIST;UNKNOWN
694;351765;PEDESTRIAN;POSSIBLE INJURY
695;351766;PEDESTRIAN;POSSIBLE INJURY
696;351767;PEDESTRIAN;UNKNOWN
698;351769;PEDALCYCLIST;UNKNOWN
699;351770;PEDESTRIAN;NON-INCAPACITATING INJURY
700;351771;PEDESTRIAN;POSSIBLE INJURY
701;351772;PEDESTRIAN;NON-INCAPACITATING INJURY
706;351777;PEDESTRIAN;POSSIBLE INJURY
707;351778;PEDALCYCLIST;INCAPACITATING INJURY
708;351779;PEDESTRIAN;NON-INCAPACITATING INJURY
709;351780;PEDESTRIAN;POSSIBLE INJURY
710;351781;PEDESTRIAN;NON-INCAPACITATING INJURY
711;351782;PEDESTRIAN;INCAPACITATING INJURY
712;351783;PEDESTRIAN;POSSIBLE INJURY
713;351784;PEDESTRIAN;NON-INCAPACITATING INJURY
715;351786;PEDALCYCLIST;POSSIBLE INJURY
716;351787;PEDESTRIAN;POSSIBLE INJURY
717;351788;PEDALCYCLIST;INCAPACITATING INJURY
718;351789;PEDESTRIAN;NON-INCAPACITATING INJURY
721;351792;PEDESTRIAN;NON-INCAPACITATING INJURY
723;351794;PEDESTRIAN;INCAPACITATING INJURY
724;351795;PEDESTRIAN;NON-INCAPACITATING INJURY
725;351796;PEDESTRIAN;POSSIBLE INJURY
729;351800;PEDESTRIAN;POSSIBLE INJURY
730;351801;PEDESTRIAN;POSSIBLE INJURY
732;351803;PEDESTRIAN;POSSIBLE INJURY
733;351804;PEDESTRIAN;NON-INCAPACITATING INJURY
734;351805;PEDESTRIAN;POSSIBLE INJURY
736;351807;PEDESTRIAN;NON-INCAPACITATING INJURY
737;351808;PEDESTRIAN;NON-INCAPACITATING INJURY
738;351809;PEDALCYCLIST;POSSIBLE INJURY
740;351811;PEDALCYCLIST;POSSIBLE INJURY
741;351812;PEDALCYCLIST;NON-INCAPACITATING INJURY
742;351813;PEDALCYCLIST;POSSIBLE INJURY
743;351814;PEDALCYCLIST;POSSIBLE INJURY
744;351815;PEDESTRIAN;NON-INCAPACITATING INJURY
745;351816;PEDESTRIAN;POSSIBLE INJURY
747;351818;PEDESTRIAN;POSSIBLE INJURY
748;351819;PEDESTRIAN;POSSIBLE INJURY
749;351820;PEDALCYCLIST;NON-INCAPACITATING INJURY
750;351821;PEDESTRIAN;POSSIBLE INJURY
752;351823;PEDALCYCLIST;POSSIBLE INJURY
753;351824;PEDESTRIAN;POSSIBLE INJURY
755;351826;PEDESTRIAN;NOT INJURED
759;351830;PEDESTRIAN;POSSIBLE INJURY
760;351831;PEDESTRIAN;INCAPACITATING INJURY
762;351833;PEDESTRIAN;INCAPACITATING INJURY
763;351834;PEDESTRIAN;NON-INCAPACITATING INJURY
764;351835;PEDALCYCLIST;POSSIBLE INJURY
765;351836;PEDESTRIAN;INCAPACITATING INJURY
766;351837;PEDESTRIAN;POSSIBLE INJURY
767;351838;PEDESTRIAN;UNKNOWN
768;351839;PEDESTRIAN;INCAPACITATING INJURY
773;351844;PEDESTRIAN;NON-INCAPACITATING INJURY
775;351846;PEDESTRIAN;NON-INCAPACITATING INJURY
777;351848;PEDESTRIAN;POSSIBLE INJURY
778;351849;PEDESTRIAN;INCAPACITATING INJURY
779;351850;PEDESTRIAN;POSSIBLE INJURY
780;351851;PEDALCYCLIST;POSSIBLE INJURY
783;351854;PEDALCYCLIST;POSSIBLE INJURY
784;351855;PEDESTRIAN;POSSIBLE INJURY
785;351856;PEDESTRIAN;POSSIBLE INJURY
786;351857;PEDESTRIAN;POSSIBLE INJURY
788;351859;PEDALCYCLIST;POSSIBLE INJURY
789;351860;PEDALCYCLIST;POSSIBLE INJURY
792;351863;PEDALCYCLIST;NON-INCAPACITATING INJURY
793;351864;PEDESTRIAN;POSSIBLE INJURY
794;351865;PEDESTRIAN;UNKNOWN
796;351867;PEDESTRIAN;INCAPACITATING INJURY
797;351868;PEDESTRIAN;NON-INCAPACITATING INJURY
798;351869;PEDALCYCLIST;NON-INCAPACITATING INJURY
800;351871;PEDESTRIAN;INCAPACITATING INJURY
801;351872;PEDESTRIAN;INCAPACITATING INJURY
802;351873;PEDESTRIAN;NON-INCAPACITATING INJURY
803;351874;PEDESTRIAN;POSSIBLE INJURY
804;351875;PEDESTRIAN;POSSIBLE INJURY
808;351879;PEDESTRIAN;NON-INCAPACITATING INJURY
809;351880;PEDALCYCLIST;POSSIBLE INJURY
810;351881;PEDESTRIAN;POSSIBLE INJURY
812;351883;PEDALCYCLIST;POSSIBLE INJURY
813;351884;PEDESTRIAN;INCAPACITATING INJURY
814;351885;PEDESTRIAN;POSSIBLE INJURY
816;351887;PEDALCYCLIST;POSSIBLE INJURY
817;351888;PEDESTRIAN;INCAPACITATING INJURY
818;351889;PEDESTRIAN;UNKNOWN
819;351890;PEDALCYCLIST;POSSIBLE INJURY
820;351891;PEDALCYCLIST;POSSIBLE INJURY
823;351894;PEDALCYCLIST;NON-INCAPACITATING INJURY
824;351895;PEDESTRIAN;NON-INCAPACITATING INJURY
825;351896;PEDALCYCLIST;NON-INCAPACITATING INJURY
826;351897;PEDALCYCLIST;POSSIBLE INJURY
827;351898;PEDESTRIAN;NON-INCAPACITATING INJURY
828;351899;PEDESTRIAN;POSSIBLE INJURY
829;351900;PEDESTRIAN;POSSIBLE INJURY
830;351901;PEDESTRIAN;NON-INCAPACITATING INJURY
832;351903;PEDALCYCLIST;POSSIBLE INJURY
833;351904;PEDESTRIAN;NON-INCAPACITATING INJURY
835;351906;PEDESTRIAN;INCAPACITATING INJURY
838;351909;PEDESTRIAN;POSSIBLE INJURY
839;351910;PEDESTRIAN;POSSIBLE INJURY
840;351911;PEDALCYCLIST;NON-INCAPACITATING INJURY
842;351913;PEDESTRIAN;NON-INCAPACITATING INJURY
843;351914;PEDESTRIAN;NON-INCAPACITATING INJURY
844;351915;PEDALCYCLIST;NON-INCAPACITATING INJURY
848;351919;PEDESTRIAN;INCAPACITATING INJURY
849;351920;PEDESTRIAN;NON-INCAPACITATING INJURY
850;351921;PEDESTRIAN;NON-INCAPACITATING INJURY
851;351922;PEDESTRIAN;POSSIBLE INJURY
852;351923;PEDESTRIAN;POSSIBLE INJURY
853;351924;PEDALCYCLIST;POSSIBLE INJURY
854;351925;PEDESTRIAN;NOT INJURED
856;351927;PEDESTRIAN;INCAPACITATING INJURY
857;351928;PEDALCYCLIST;NON-INCAPACITATING INJURY
858;351929;PEDALCYCLIST;NON-INCAPACITATING INJURY
859;351930;PEDESTRIAN;POSSIBLE INJURY
860;351931;PEDESTRIAN;NON-INCAPACITATING INJURY
861;351932;PEDALCYCLIST;NON-INCAPACITATING INJURY
864;351935;PEDESTRIAN;NON-INCAPACITATING INJURY
869;351940;PEDESTRIAN;NON-INCAPACITATING INJURY
871;351942;PEDESTRIAN;POSSIBLE INJURY
872;351943;PEDESTRIAN;POSSIBLE INJURY
873;351944;PEDESTRIAN;POSSIBLE INJURY
874;351945;PEDESTRIAN;POSSIBLE INJURY
875;351946;PEDESTRIAN;POSSIBLE INJURY
876;351947;PEDESTRIAN;NON-INCAPACITATING INJURY
877;351948;PEDESTRIAN;NON-INCAPACITATING INJURY
878;351949;PEDESTRIAN;POSSIBLE INJURY
879;351950;PEDESTRIAN;INCAPACITATING INJURY
880;351951;PEDESTRIAN;POSSIBLE INJURY
881;351952;PEDALCYCLIST;INCAPACITATING INJURY
882;351953;PEDALCYCLIST;NON-INCAPACITATING INJURY
884;351955;PEDESTRIAN;POSSIBLE INJURY
886;351957;PEDALCYCLIST;POSSIBLE INJURY
887;351958;PEDESTRIAN;POSSIBLE INJURY
888;351959;PEDESTRIAN;NON-INCAPACITATING INJURY
893;351964;PEDESTRIAN;INCAPACITATING INJURY
894;351965;PEDALCYCLIST;POSSIBLE INJURY
895;351966;PEDALCYCLIST;UNKNOWN
896;351967;PEDESTRIAN;INCAPACITATING INJURY
897;351968;PEDALCYCLIST;NON-INCAPACITATING INJURY
899;351970;PEDESTRIAN;POSSIBLE INJURY
900;351971;PEDALCYCLIST;POSSIBLE INJURY
901;351972;PEDESTRIAN;NON-INCAPACITATING INJURY
903;351974;PEDESTRIAN;POSSIBLE INJURY
904;351975;PEDALCYCLIST;POSSIBLE INJURY
905;351976;PEDESTRIAN;NON-INCAPACITATING INJURY
906;351977;PEDESTRIAN;NON-INCAPACITATING INJURY
908;351979;PEDESTRIAN;NON-INCAPACITATING INJURY
916;351987;PEDALCYCLIST;NON-INCAPACITATING INJURY
917;351988;PEDESTRIAN;INCAPACITATING INJURY
921;351992;PEDESTRIAN;NON-INCAPACITATING INJURY
922;351993;PEDESTRIAN;NON-INCAPACITATING INJURY
926;351997;PEDALCYCLIST;POSSIBLE INJURY
927;351998;PEDESTRIAN;INCAPACITATING INJURY
928;351999;PEDALCYCLIST;POSSIBLE INJURY
930;352001;PEDESTRIAN;POSSIBLE INJURY
934;352005;PEDESTRIAN;NON-INCAPACITATING INJURY
935;352006;PEDALCYCLIST;NON-INCAPACITATING INJURY
936;352007;PEDESTRIAN;INCAPACITATING INJURY
937;352008;PEDESTRIAN;NON-INCAPACITATING INJURY
938;352009;PEDALCYCLIST;POSSIBLE INJURY
939;352010;PEDESTRIAN;POSSIBLE INJURY
940;352011;PEDESTRIAN;NON-INCAPACITATING INJURY
941;352012;PEDESTRIAN;POSSIBLE INJURY
942;352013;PEDESTRIAN;POSSIBLE INJURY
944;352015;PEDESTRIAN;UNKNOWN
947;352018;PEDESTRIAN;NON-INCAPACITATING INJURY
949;352020;PEDALCYCLIST;INCAPACITATING INJURY
950;352021;PEDESTRIAN;NON-INCAPACITATING INJURY
951;352022;PEDALCYCLIST;NON-INCAPACITATING INJURY
952;352023;PEDESTRIAN;POSSIBLE INJURY
956;352027;PEDESTRIAN;NON-INCAPACITATING INJURY
958;352029;PEDESTRIAN;INCAPACITATING INJURY
959;352030;PEDESTRIAN;POSSIBLE INJURY
960;352031;PEDESTRIAN;INCAPACITATING INJURY
961;352032;PEDESTRIAN;NOT INJURED
962;352033;PEDALCYCLIST;NON-INCAPACITATING INJURY
963;352034;PEDESTRIAN;NON-INCAPACITATING INJURY
964;352035;PEDALCYCLIST;NON-INCAPACITATING INJURY
965;352036;PEDESTRIAN;NON-INCAPACITATING INJURY
966;352037;PEDESTRIAN;POSSIBLE INJURY
968;352039;PEDESTRIAN;NON-INCAPACITATING INJURY
969;352040;PEDESTRIAN;POSSIBLE INJURY
970;352041;PEDESTRIAN;NON-INCAPACITATING INJURY
971;352042;PEDESTRIAN;UNKNOWN
972;352043;PEDESTRIAN;INCAPACITATING INJURY
974;352045;PEDALCYCLIST;POSSIBLE INJURY
975;352046;PEDESTRIAN;POSSIBLE INJURY
978;352049;PEDESTRIAN;POSSIBLE INJURY
979;352050;PEDALCYCLIST;POSSIBLE INJURY
980;352051;PEDESTRIAN;NON-INCAPACITATING INJURY
981;352052;PEDALCYCLIST;NON-INCAPACITATING INJURY
982;352053;PEDALCYCLIST;NON-INCAPACITATING INJURY
983;352054;PEDESTRIAN;NON-INCAPACITATING INJURY
987;352058;PEDESTRIAN;POSSIBLE INJURY
988;352059;PEDALCYCLIST;NON-INCAPACITATING INJURY
991;352062;PEDALCYCLIST;NON-INCAPACITATING INJURY
992;352063;PEDESTRIAN;NON-INCAPACITATING INJURY
996;352067;PEDESTRIAN;POSSIBLE INJURY
997;352068;PEDESTRIAN;INCAPACITATING INJURY
998;352069;PEDALCYCLIST;INCAPACITATING INJURY
999;352070;PEDESTRIAN;POSSIBLE INJURY
1000;352071;PEDALCYCLIST;POSSIBLE INJURY
1003;352074;PEDALCYCLIST;POSSIBLE INJURY
1004;352075;PEDESTRIAN;POSSIBLE INJURY
1005;352076;PEDALCYCLIST;NON-INCAPACITATING INJURY
1009;352080;PEDALCYCLIST;POSSIBLE INJURY
1010;352081;PEDESTRIAN;POSSIBLE INJURY
1011;352082;PEDESTRIAN;INCAPACITATING INJURY
1014;352085;PEDESTRIAN;NON-INCAPACITATING INJURY
1015;352086;PEDALCYCLIST;POSSIBLE INJURY
1016;352087;PEDESTRIAN;NON-INCAPACITATING INJURY
1019;352090;PEDESTRIAN;POSSIBLE INJURY
1020;352091;PEDESTRIAN;NON-INCAPACITATING INJURY
1021;352092;PEDALCYCLIST;POSSIBLE INJURY
1022;352093;PEDESTRIAN;POSSIBLE INJURY
1023;352094;PEDESTRIAN;NON-INCAPACITATING INJURY
1024;352095;PEDALCYCLIST;NOT INJURED
1026;352097;PEDALCYCLIST;NON-INCAPACITATING INJURY
1027;352098;PEDALCYCLIST;NON-INCAPACITATING INJURY
1028;352099;PEDESTRIAN;INCAPACITATING INJURY
1032;352103;PEDESTRIAN;POSSIBLE INJURY
1033;352104;PEDESTRIAN;INCAPACITATING INJURY
1035;352106;PEDESTRIAN;INCAPACITATING INJURY
1036;352107;PEDESTRIAN;POSSIBLE INJURY
1037;352108;PEDESTRIAN;NON-INCAPACITATING INJURY
1038;352109;PEDESTRIAN;NON-INCAPACITATING INJURY
1040;352111;PEDESTRIAN;NON-INCAPACITATING INJURY
1041;352112;PEDESTRIAN;INCAPACITATING INJURY
1043;352114;PEDALCYCLIST;NON-INCAPACITATING INJURY
1045;352116;PEDESTRIAN;INCAPACITATING INJURY
1046;352117;PEDESTRIAN;POSSIBLE INJURY
1047;352118;PEDESTRIAN;INCAPACITATING INJURY
1049;352120;PEDESTRIAN;POSSIBLE INJURY
1050;352121;PEDESTRIAN;NON-INCAPACITATING INJURY
1051;352122;PEDESTRIAN;POSSIBLE INJURY
1053;352124;PEDALCYCLIST;NON-INCAPACITATING INJURY
1054;352125;PEDESTRIAN;POSSIBLE INJURY
1055;352126;PEDESTRIAN;POSSIBLE INJURY
1056;352127;PEDESTRIAN;NON-INCAPACITATING INJURY
1057;352128;PEDALCYCLIST;INCAPACITATING INJURY
1058;352129;PEDESTRIAN;POSSIBLE INJURY
1059;352130;PEDESTRIAN;POSSIBLE INJURY
1062;352133;PEDESTRIAN;POSSIBLE INJURY
1063;352134;PEDALCYCLIST;INCAPACITATING INJURY
1069;352140;PEDESTRIAN;NON-INCAPACITATING INJURY
1070;352141;PEDESTRIAN;POSSIBLE INJURY
1071;352142;PEDALCYCLIST;POSSIBLE INJURY
1077;352148;PEDALCYCLIST;POSSIBLE INJURY
1078;352149;PEDESTRIAN;NON-INCAPACITATING INJURY
1079;352150;PEDESTRIAN;POSSIBLE INJURY
1080;352151;PEDESTRIAN;NON-INCAPACITATING INJURY
1081;352152;PEDESTRIAN;INCAPACITATING INJURY
1083;352154;PEDESTRIAN;INCAPACITATING INJURY
1085;352156;PEDESTRIAN;NON-INCAPACITATING INJURY
1087;352158;PEDESTRIAN;POSSIBLE INJURY
1088;352159;PEDESTRIAN;NON-INCAPACITATING INJURY
1089;352160;PEDALCYCLIST;NON-INCAPACITATING INJURY
1090;352161;PEDESTRIAN;NON-INCAPACITATING INJURY
1092;352163;PEDESTRIAN;POSSIBLE INJURY
1094;352165;PEDESTRIAN;NON-INCAPACITATING INJURY
1095;352165;PEDESTRIAN;NON-INCAPACITATING INJURY
1096;352167;PEDALCYCLIST;POSSIBLE INJURY
1097;352168;PEDESTRIAN;POSSIBLE INJURY
1098;352169;PEDESTRIAN;NON-INCAPACITATING INJURY
1099;352170;PEDALCYCLIST;POSSIBLE INJURY
1100;352171;PEDALCYCLIST;POSSIBLE INJURY
1101;352172;PEDALCYCLIST;INCAPACITATING INJURY
1102;352173;PEDESTRIAN;INCAPACITATING INJURY
1103;352174;PEDESTRIAN;INCAPACITATING INJURY
1104;352175;PEDESTRIAN;NON-INCAPACITATING INJURY
1105;352176;PEDESTRIAN;INCAPACITATING INJURY
1106;352177;PEDALCYCLIST;POSSIBLE INJURY
1107;352178;PEDALCYCLIST;INCAPACITATING INJURY
1108;352179;PEDALCYCLIST;POSSIBLE INJURY
1109;352180;PEDALCYCLIST;POSSIBLE INJURY
1110;352181;PEDESTRIAN;INCAPACITATING INJURY
1111;352182;PEDALCYCLIST;POSSIBLE INJURY
1112;352183;PEDESTRIAN;POSSIBLE INJURY
1115;352186;PEDALCYCLIST;POSSIBLE INJURY
1116;352187;PEDALCYCLIST;NON-INCAPACITATING INJURY
1120;352191;PEDESTRIAN;NON-INCAPACITATING INJURY
1121;352192;PEDESTRIAN;POSSIBLE INJURY
1125;352196;PEDESTRIAN;NON-INCAPACITATING INJURY
1126;352197;PEDESTRIAN;POSSIBLE INJURY
1128;352199;PEDALCYCLIST;INCAPACITATING INJURY
1129;352200;PEDESTRIAN;POSSIBLE INJURY
1131;352202;PEDESTRIAN;INCAPACITATING INJURY
1133;352204;PEDESTRIAN;POSSIBLE INJURY
1135;352206;PEDALCYCLIST;POSSIBLE INJURY
1136;352207;PEDALCYCLIST;INCAPACITATING INJURY
1137;352208;PEDALCYCLIST;NON-INCAPACITATING INJURY
1139;352210;PEDESTRIAN;POSSIBLE INJURY
1140;352211;PEDESTRIAN;POSSIBLE INJURY
1141;352212;PEDESTRIAN;NON-INCAPACITATING INJURY
1142;352213;PEDESTRIAN;POSSIBLE INJURY
1145;352216;PEDALCYCLIST;POSSIBLE INJURY
1147;352218;PEDESTRIAN;POSSIBLE INJURY
1152;352223;PEDALCYCLIST;POSSIBLE INJURY
1153;352224;PEDESTRIAN;NON-INCAPACITATING INJURY
1154;352225;PEDESTRIAN;POSSIBLE INJURY
1155;352226;PEDESTRIAN;NON-INCAPACITATING INJURY
1156;352227;PEDESTRIAN;NON-INCAPACITATING INJURY
1157;352228;PEDESTRIAN;NON-INCAPACITATING INJURY
1158;352229;PEDESTRIAN;POSSIBLE INJURY
1159;352230;PEDALCYCLIST;POSSIBLE INJURY
1162;352233;PEDALCYCLIST;UNKNOWN
1163;352233;PEDESTRIAN;UNKNOWN
1166;352237;PEDESTRIAN;INCAPACITATING INJURY
1168;352239;PEDESTRIAN;POSSIBLE INJURY
1169;352240;PEDESTRIAN;INCAPACITATING INJURY
1170;352241;PEDESTRIAN;POSSIBLE INJURY
1172;352243;PEDALCYCLIST;POSSIBLE INJURY
1173;352244;PEDESTRIAN;POSSIBLE INJURY
1174;352245;PEDESTRIAN;NON-INCAPACITATING INJURY
1176;352247;PEDESTRIAN;POSSIBLE INJURY
1177;352248;PEDESTRIAN;POSSIBLE INJURY
1179;352250;PEDESTRIAN;POSSIBLE INJURY
1181;352252;PEDESTRIAN;POSSIBLE INJURY
1182;352253;PEDESTRIAN;INCAPACITATING INJURY
1183;352254;PEDESTRIAN;NON-INCAPACITATING INJURY
1184;352255;PEDESTRIAN;POSSIBLE INJURY
1185;352256;PEDESTRIAN;POSSIBLE INJURY
1186;352257;PEDESTRIAN;NON-INCAPACITATING INJURY
1187;352258;PEDESTRIAN;POSSIBLE INJURY
1188;352259;PEDESTRIAN;POSSIBLE INJURY
1189;352260;PEDALCYCLIST;NOT INJURED
1190;352261;PEDESTRIAN;NON-INCAPACITATING INJURY
1191;352262;PEDESTRIAN;UNKNOWN
1192;352263;PEDESTRIAN;POSSIBLE INJURY
1193;352264;PEDESTRIAN;INCAPACITATING INJURY
1194;352265;PEDESTRIAN;NON-INCAPACITATING INJURY
1195;352266;PEDALCYCLIST;POSSIBLE INJURY
1197;352268;PEDALCYCLIST;NOT INJURED
1199;352270;PEDESTRIAN;POSSIBLE INJURY
1200;352271;PEDALCYCLIST;NON-INCAPACITATING INJURY
1202;352273;PEDESTRIAN;POSSIBLE INJURY
1203;352274;PEDESTRIAN;POSSIBLE INJURY
1204;352275;PEDESTRIAN;NON-INCAPACITATING INJURY
1205;352276;PEDESTRIAN;POSSIBLE INJURY
1206;352277;PEDESTRIAN;POSSIBLE INJURY
1207;352278;PEDESTRIAN;NON-INCAPACITATING INJURY
1208;352279;PEDESTRIAN;POSSIBLE INJURY
1209;352280;PEDESTRIAN;NON-INCAPACITATING INJURY
1210;352281;PEDALCYCLIST;NON-INCAPACITATING INJURY
1212;352283;PEDALCYCLIST;POSSIBLE INJURY
1215;352286;PEDESTRIAN;POSSIBLE INJURY
1216;352287;PEDESTRIAN;POSSIBLE INJURY
1219;352290;PEDESTRIAN;NOT INJURED
1221;352292;PEDESTRIAN;NON-INCAPACITATING INJURY
1222;352293;PEDESTRIAN;INCAPACITATING INJURY
1223;352294;PEDESTRIAN;INCAPACITATING INJURY
1224;352295;PEDALCYCLIST;NON-INCAPACITATING INJURY
1226;352297;PEDESTRIAN;POSSIBLE INJURY
1227;352298;PEDALCYCLIST;NON-INCAPACITATING INJURY
1228;352299;PEDALCYCLIST;NON-INCAPACITATING INJURY
1229;352300;PEDESTRIAN;POSSIBLE INJURY
1230;352301;PEDESTRIAN;NON-INCAPACITATING INJURY
1231;352302;PEDALCYCLIST;POSSIBLE INJURY
1232;352303;PEDALCYCLIST;POSSIBLE INJURY
1234;352305;PEDESTRIAN;NON-INCAPACITATING INJURY
1235;352306;PEDALCYCLIST;NON-INCAPACITATING INJURY
1236;352307;PEDALCYCLIST;NON-INCAPACITATING INJURY
1238;352309;PEDESTRIAN;POSSIBLE INJURY
1239;352310;PEDALCYCLIST;POSSIBLE INJURY
1240;352311;PEDESTRIAN;NON-INCAPACITATING INJURY
1241;352312;PEDESTRIAN;NON-INCAPACITATING INJURY
1243;352314;PEDESTRIAN;NON-INCAPACITATING INJURY
1244;352315;PEDESTRIAN;INCAPACITATING INJURY
1245;352316;PEDALCYCLIST;POSSIBLE INJURY
1246;352317;PEDALCYCLIST;NON-INCAPACITATING INJURY
1248;352319;PEDESTRIAN;POSSIBLE INJURY
1249;352320;PEDALCYCLIST;NON-INCAPACITATING INJURY
1250;352321;PEDALCYCLIST;NON-INCAPACITATING INJURY
1251;352322;PEDALCYCLIST;NON-INCAPACITATING INJURY
1252;352323;PEDALCYCLIST;NON-INCAPACITATING INJURY
1253;352324;PEDESTRIAN;INCAPACITATING INJURY
1255;352326;PEDESTRIAN;NON-INCAPACITATING INJURY
1256;352327;PEDESTRIAN;INCAPACITATING INJURY
1258;352329;PEDESTRIAN;UNKNOWN
1259;352330;PEDALCYCLIST;POSSIBLE INJURY
1260;352331;PEDALCYCLIST;POSSIBLE INJURY
1261;352332;PEDESTRIAN;NON-INCAPACITATING INJURY
1262;352333;PEDESTRIAN;POSSIBLE INJURY
1265;352336;PEDESTRIAN;KILLED
1266;352337;PEDESTRIAN;KILLED
1267;352338;PEDESTRIAN;KILLED
1273;352344;PEDESTRIAN;KILLED
1274;352345;PEDALCYCLIST;KILLED
1276;352347;PEDESTRIAN;INCAPACITATING INJURY
1278;352349;PEDALCYCLIST;KILLED
1282;352353;PEDESTRIAN;KILLED
1284;352355;PEDESTRIAN;KILLED
1285;352356;PEDESTRIAN;KILLED
1286;352357;PEDALCYCLIST;KILLED
1288;352359;PEDALCYCLIST;INCAPACITATING INJURY
1290;352361;PEDESTRIAN;NON-INCAPACITATING INJURY
1293;352364;PEDESTRIAN;KILLED
1298;352369;PEDESTRIAN;KILLED
1300;352371;PEDESTRIAN;KILLED
1301;352372;PEDESTRIAN;KILLED
1302;352373;PEDESTRIAN;KILLED
1305;352376;PEDESTRIAN;NOT INJURED
1308;352379;PEDESTRIAN;KILLED
1309;352380;PEDESTRIAN;NON-INCAPACITATING INJURY
1311;352382;PEDESTRIAN;KILLED
1312;352383;PEDESTRIAN;KILLED
1314;352385;PEDESTRIAN;KILLED
1316;352387;PEDESTRIAN;KILLED
1317;352388;PEDESTRIAN;INCAPACITATING INJURY
1318;352389;PEDESTRIAN;KILLED
1321;352392;PEDESTRIAN;KILLED
1322;352393;PEDESTRIAN;KILLED
1323;352394;PEDESTRIAN;KILLED
1325;352396;PEDESTRIAN;KILLED
1326;352397;PEDESTRIAN;KILLED
1327;352398;PEDESTRIAN;KILLED
1328;352399;PEDESTRIAN;KILLED
1330;352401;PEDALCYCLIST;KILLED
1331;352402;PEDESTRIAN;KILLED
1332;352403;PEDESTRIAN;KILLED
1333;352404;PEDESTRIAN;NON-INCAPACITATING INJURY
1336;352407;PEDESTRIAN;NON-INCAPACITATING INJURY
1337;352408;PEDESTRIAN;POSSIBLE INJURY
1338;352409;PEDESTRIAN;UNKNOWN
1342;352413;PEDESTRIAN;POSSIBLE INJURY
1343;352414;PEDALCYCLIST;POSSIBLE INJURY
1344;352415;PEDESTRIAN;NON-INCAPACITATING INJURY
1345;352416;PEDESTRIAN;NON-INCAPACITATING INJURY
1346;352417;PEDESTRIAN;NON-INCAPACITATING INJURY
1347;352418;PEDALCYCLIST;POSSIBLE INJURY
1348;352419;PEDALCYCLIST;POSSIBLE INJURY
1349;352420;PEDALCYCLIST;POSSIBLE INJURY
1351;352422;PEDALCYCLIST;NON-INCAPACITATING INJURY
1352;352423;PEDESTRIAN;POSSIBLE INJURY
1353;352424;PEDALCYCLIST;POSSIBLE INJURY
1354;352425;PEDALCYCLIST;POSSIBLE INJURY
1356;352427;PEDESTRIAN;INCAPACITATING INJURY
1357;352428;PEDESTRIAN;NON-INCAPACITATING INJURY
1358;352429;PEDALCYCLIST;POSSIBLE INJURY
1359;352430;PEDESTRIAN;POSSIBLE INJURY
1360;352431;PEDESTRIAN;NON-INCAPACITATING INJURY
1361;352432;PEDALCYCLIST;INCAPACITATING INJURY
1362;352433;PEDESTRIAN;POSSIBLE INJURY
1363;352434;PEDESTRIAN;UNKNOWN
1371;352442;PEDESTRIAN;POSSIBLE INJURY
1372;352443;PEDESTRIAN;POSSIBLE INJURY
1374;352445;PEDESTRIAN;NOT INJURED
1375;352446;PEDESTRIAN;POSSIBLE INJURY
1376;352447;PEDESTRIAN;INCAPACITATING INJURY
1377;352448;PEDESTRIAN;POSSIBLE INJURY
1378;352449;PEDESTRIAN;POSSIBLE INJURY
1380;352451;PEDESTRIAN;NON-INCAPACITATING INJURY
1381;352452;PEDALCYCLIST;NON-INCAPACITATING INJURY
1382;352453;PEDESTRIAN;POSSIBLE INJURY
1384;352455;PEDESTRIAN;UNKNOWN
1385;352456;PEDESTRIAN;INCAPACITATING INJURY
1386;352457;PEDESTRIAN;NON-INCAPACITATING INJURY
1387;352458;PEDESTRIAN;INCAPACITATING INJURY
1388;352459;PEDALCYCLIST;INCAPACITATING INJURY
1389;352460;PEDALCYCLIST;NON-INCAPACITATING INJURY
1390;352461;PEDESTRIAN;INCAPACITATING INJURY
1391;352462;PEDESTRIAN;POSSIBLE INJURY
1392;352463;PEDALCYCLIST;NOT INJURED
1395;352466;PEDESTRIAN;NON-INCAPACITATING INJURY
1400;352471;PEDALCYCLIST;NON-INCAPACITATING INJURY
1401;352472;PEDESTRIAN;NON-INCAPACITATING INJURY
1402;352473;PEDESTRIAN;NON-INCAPACITATING INJURY
1403;352474;PEDALCYCLIST;NON-INCAPACITATING INJURY
1406;352477;PEDESTRIAN;NON-INCAPACITATING INJURY
1407;352478;PEDALCYCLIST;POSSIBLE INJURY
1411;352482;PEDESTRIAN;POSSIBLE INJURY
1412;352483;PEDESTRIAN;INCAPACITATING INJURY
1415;352486;PEDESTRIAN;NON-INCAPACITATING INJURY
1416;352487;PEDALCYCLIST;POSSIBLE INJURY
1417;352488;PEDALCYCLIST;INCAPACITATING INJURY
1418;352489;PEDESTRIAN;NON-INCAPACITATING INJURY
1422;352493;PEDESTRIAN;POSSIBLE INJURY
1423;352494;PEDESTRIAN;POSSIBLE INJURY
1424;352495;PEDALCYCLIST;POSSIBLE INJURY
1425;352496;PEDESTRIAN;POSSIBLE INJURY
1426;352497;PEDALCYCLIST;POSSIBLE INJURY
1427;352498;PEDALCYCLIST;NON-INCAPACITATING INJURY
1428;352499;PEDESTRIAN;NON-INCAPACITATING INJURY
1430;352501;PEDALCYCLIST;KILLED
1431;352502;PEDALCYCLIST;POSSIBLE INJURY
1432;352503;PEDESTRIAN;POSSIBLE INJURY
1433;352504;PEDESTRIAN;POSSIBLE INJURY
1435;352506;PEDESTRIAN;POSSIBLE INJURY
1436;352507;PEDESTRIAN;POSSIBLE INJURY
1437;352508;PEDALCYCLIST;POSSIBLE INJURY
1438;352509;PEDALCYCLIST;NON-INCAPACITATING INJURY
1439;352510;PEDALCYCLIST;POSSIBLE INJURY
1442;352513;PEDESTRIAN;KILLED
1443;352514;PEDALCYCLIST;KILLED
1445;352516;PEDESTRIAN;NON-INCAPACITATING INJURY
1446;352517;PEDALCYCLIST;POSSIBLE INJURY
1447;352518;PEDALCYCLIST;UNKNOWN
1448;352519;PEDALCYCLIST;INCAPACITATING INJURY
1450;352521;PEDESTRIAN;POSSIBLE INJURY
1451;352522;PEDESTRIAN;POSSIBLE INJURY
1453;352524;PEDESTRIAN;POSSIBLE INJURY
1454;352525;PEDALCYCLIST;NON-INCAPACITATING INJURY
1455;352526;PEDALCYCLIST;POSSIBLE INJURY
1456;352527;PEDESTRIAN;POSSIBLE INJURY
1457;352528;PEDESTRIAN;POSSIBLE INJURY
1458;352529;PEDESTRIAN;UNKNOWN
1464;352535;PEDESTRIAN;POSSIBLE INJURY
1465;352536;PEDESTRIAN;INCAPACITATING INJURY
1467;352538;PEDALCYCLIST;POSSIBLE INJURY
1468;352539;PEDESTRIAN;POSSIBLE INJURY
1469;352540;PEDESTRIAN;NON-INCAPACITATING INJURY
1470;352541;PEDESTRIAN;POSSIBLE INJURY
1471;352542;PEDALCYCLIST;POSSIBLE INJURY
1472;352543;PEDESTRIAN;POSSIBLE INJURY
1473;352544;PEDESTRIAN;NON-INCAPACITATING INJURY
1474;352545;PEDESTRIAN;INCAPACITATING INJURY
1475;352546;PEDALCYCLIST;POSSIBLE INJURY
1476;352547;PEDESTRIAN;POSSIBLE INJURY
1478;352549;PEDESTRIAN;NON-INCAPACITATING INJURY
1479;352550;PEDESTRIAN;NON-INCAPACITATING INJURY
1481;352552;PEDALCYCLIST;POSSIBLE INJURY
1484;352555;PEDESTRIAN;POSSIBLE INJURY
1485;352556;PEDESTRIAN;POSSIBLE INJURY
1487;352558;PEDESTRIAN;NON-INCAPACITATING INJURY
1488;352559;PEDALCYCLIST;POSSIBLE INJURY
1489;352560;PEDESTRIAN;NON-INCAPACITATING INJURY
1493;352564;PEDESTRIAN;NON-INCAPACITATING INJURY
1494;352565;PEDALCYCLIST;NON-INCAPACITATING INJURY
1497;352568;PEDALCYCLIST;NON-INCAPACITATING INJURY
1499;352570;PEDALCYCLIST;NON-INCAPACITATING INJURY
1500;352571;PEDALCYCLIST;POSSIBLE INJURY
1501;352572;PEDESTRIAN;POSSIBLE INJURY
1504;352575;PEDALCYCLIST;POSSIBLE INJURY
1505;352576;PEDESTRIAN;POSSIBLE INJURY
1506;352577;PEDESTRIAN;POSSIBLE INJURY
1507;352578;PEDALCYCLIST;POSSIBLE INJURY
1508;352579;PEDALCYCLIST;INCAPACITATING INJURY
1509;352580;PEDESTRIAN;UNKNOWN
1510;352581;PEDESTRIAN;NON-INCAPACITATING INJURY
1511;352582;PEDALCYCLIST;NOT INJURED
1512;352583;PEDESTRIAN;POSSIBLE INJURY
1513;352584;PEDESTRIAN;POSSIBLE INJURY
1514;352585;PEDESTRIAN;NON-INCAPACITATING INJURY
1515;352586;PEDESTRIAN;NON-INCAPACITATING INJURY
1516;352587;PEDESTRIAN;NON-INCAPACITATING INJURY
1518;352589;PEDESTRIAN;POSSIBLE INJURY
1519;352590;PEDALCYCLIST;POSSIBLE INJURY
1520;352591;PEDESTRIAN;NON-INCAPACITATING INJURY
1521;352592;PEDALCYCLIST;NON-INCAPACITATING INJURY
1522;352593;PEDESTRIAN;POSSIBLE INJURY
1523;352594;PEDESTRIAN;NON-INCAPACITATING INJURY
1524;352595;PEDESTRIAN;NON-INCAPACITATING INJURY
1525;352596;PEDESTRIAN;NON-INCAPACITATING INJURY
1526;352597;PEDESTRIAN;NON-INCAPACITATING INJURY
1527;352598;PEDESTRIAN;NON-INCAPACITATING INJURY
1528;352599;PEDALCYCLIST;POSSIBLE INJURY
1529;352600;PEDESTRIAN;POSSIBLE INJURY
1531;352602;PEDESTRIAN;POSSIBLE INJURY
1534;352605;PEDALCYCLIST;NON-INCAPACITATING INJURY
1535;352606;PEDALCYCLIST;POSSIBLE INJURY
1536;352607;PEDESTRIAN;POSSIBLE INJURY
1539;352610;PEDESTRIAN;POSSIBLE INJURY
1540;352611;PEDESTRIAN;INCAPACITATING INJURY
1541;352612;PEDESTRIAN;NON-INCAPACITATING INJURY
1542;352613;PEDESTRIAN;NON-INCAPACITATING INJURY
1543;352614;PEDESTRIAN;NON-INCAPACITATING INJURY
1544;352615;PEDESTRIAN;POSSIBLE INJURY
1545;352616;PEDESTRIAN;POSSIBLE INJURY
1546;352617;PEDESTRIAN;NON-INCAPACITATING INJURY
1547;352618;PEDESTRIAN;NON-INCAPACITATING INJURY
1548;352619;PEDESTRIAN;POSSIBLE INJURY
1549;352620;PEDALCYCLIST;INCAPACITATING INJURY
1551;352622;PEDALCYCLIST;POSSIBLE INJURY
1553;352624;PEDESTRIAN;NON-INCAPACITATING INJURY
1554;352625;PEDALCYCLIST;POSSIBLE INJURY
1555;352626;PEDESTRIAN;NOT INJURED
1557;352628;PEDESTRIAN;POSSIBLE INJURY
1558;352629;PEDESTRIAN;NON-INCAPACITATING INJURY
1559;352630;PEDESTRIAN;POSSIBLE INJURY
1560;352631;PEDALCYCLIST;POSSIBLE INJURY
1561;352632;PEDESTRIAN;NON-INCAPACITATING INJURY
1562;352633;PEDESTRIAN;NON-INCAPACITATING INJURY
1563;352634;PEDALCYCLIST;INCAPACITATING INJURY
1564;352635;PEDESTRIAN;NON-INCAPACITATING INJURY
1565;352636;PEDESTRIAN;INCAPACITATING INJURY
1566;352637;PEDESTRIAN;NON-INCAPACITATING INJURY
1567;352638;PEDESTRIAN;POSSIBLE INJURY
1568;352639;PEDESTRIAN;POSSIBLE INJURY
1569;352640;PEDALCYCLIST;INCAPACITATING INJURY
1571;352642;PEDESTRIAN;INCAPACITATING INJURY
1572;352643;PEDESTRIAN;INCAPACITATING INJURY
1576;352647;PEDESTRIAN;INCAPACITATING INJURY
1577;352648;PEDESTRIAN;POSSIBLE INJURY
1578;352649;PEDESTRIAN;POSSIBLE INJURY
1579;352650;PEDALCYCLIST;NON-INCAPACITATING INJURY
1580;352651;PEDALCYCLIST;NON-INCAPACITATING INJURY
1581;352652;PEDESTRIAN;POSSIBLE INJURY
1582;352653;PEDESTRIAN;POSSIBLE INJURY
1583;352654;PEDALCYCLIST;POSSIBLE INJURY
1584;352655;PEDESTRIAN;NON-INCAPACITATING INJURY
1587;352658;PEDESTRIAN;POSSIBLE INJURY
1588;352659;PEDESTRIAN;INCAPACITATING INJURY
1589;352660;PEDESTRIAN;POSSIBLE INJURY
1593;352664;PEDALCYCLIST;POSSIBLE INJURY
1594;352665;PEDALCYCLIST;NON-INCAPACITATING INJURY
1595;352666;PEDESTRIAN;POSSIBLE INJURY
1596;352667;PEDESTRIAN;POSSIBLE INJURY
1597;352668;PEDALCYCLIST;POSSIBLE INJURY
1599;352670;PEDESTRIAN;POSSIBLE INJURY
1600;352671;PEDALCYCLIST;POSSIBLE INJURY
1602;352673;PEDESTRIAN;NOT INJURED
1603;352674;PEDESTRIAN;POSSIBLE INJURY
1604;352675;PEDESTRIAN;POSSIBLE INJURY
1606;352677;PEDESTRIAN;KILLED
1609;352680;PEDESTRIAN;INCAPACITATING INJURY
1610;352681;PEDESTRIAN;POSSIBLE INJURY
1611;352682;PEDESTRIAN;NON-INCAPACITATING INJURY
1612;352683;PEDESTRIAN;NON-INCAPACITATING INJURY
1613;352684;PEDESTRIAN;NON-INCAPACITATING INJURY
1614;352685;PEDESTRIAN;INCAPACITATING INJURY
1616;352687;PEDALCYCLIST;POSSIBLE INJURY
1617;352688;PEDESTRIAN;POSSIBLE INJURY
1618;352689;PEDESTRIAN;NON-INCAPACITATING INJURY
1619;352690;PEDESTRIAN;NON-INCAPACITATING INJURY
1620;352691;PEDESTRIAN;POSSIBLE INJURY
1621;352692;PEDALCYCLIST;POSSIBLE INJURY
1622;352693;PEDESTRIAN;NON-INCAPACITATING INJURY
1623;352694;PEDESTRIAN;NON-INCAPACITATING INJURY
1625;352696;PEDALCYCLIST;POSSIBLE INJURY
1629;352700;PEDALCYCLIST;POSSIBLE INJURY
1630;352701;PEDESTRIAN;POSSIBLE INJURY
1631;352702;PEDALCYCLIST;POSSIBLE INJURY
1632;352703;PEDESTRIAN;NON-INCAPACITATING INJURY
1633;352704;PEDESTRIAN;NON-INCAPACITATING INJURY
1636;352707;PEDESTRIAN;NON-INCAPACITATING INJURY
1637;352708;PEDESTRIAN;NON-INCAPACITATING INJURY
1638;352709;PEDALCYCLIST;NON-INCAPACITATING INJURY
1639;352710;PEDESTRIAN;INCAPACITATING INJURY
1640;352711;PEDALCYCLIST;POSSIBLE INJURY
1641;352712;PEDESTRIAN;INCAPACITATING INJURY
1643;352714;PEDESTRIAN;NON-INCAPACITATING INJURY
1644;352715;PEDESTRIAN;POSSIBLE INJURY
1645;352716;PEDESTRIAN;POSSIBLE INJURY
1646;352717;PEDESTRIAN;POSSIBLE INJURY
1647;352718;PEDESTRIAN;INCAPACITATING INJURY
1649;352720;PEDESTRIAN;POSSIBLE INJURY
1650;352721;PEDALCYCLIST;NON-INCAPACITATING INJURY
1651;352722;PEDESTRIAN;NON-INCAPACITATING INJURY
1652;352723;PEDALCYCLIST;UNKNOWN
1653;352724;PEDESTRIAN;POSSIBLE INJURY
1654;352725;PEDALCYCLIST;POSSIBLE INJURY
1655;352726;PEDESTRIAN;POSSIBLE INJURY
1656;352727;PEDESTRIAN;POSSIBLE INJURY
1657;352728;PEDALCYCLIST;NON-INCAPACITATING INJURY
1658;352729;PEDALCYCLIST;POSSIBLE INJURY
1659;352730;PEDESTRIAN;INCAPACITATING INJURY
1668;352739;PEDESTRIAN;NON-INCAPACITATING INJURY
1669;352740;PEDESTRIAN;POSSIBLE INJURY
1670;352741;PEDESTRIAN;POSSIBLE INJURY
1671;352742;PEDALCYCLIST;NON-INCAPACITATING INJURY
1672;352743;PEDALCYCLIST;UNKNOWN
1673;352744;PEDESTRIAN;POSSIBLE INJURY
1677;352748;PEDESTRIAN;POSSIBLE INJURY
1678;352749;PEDESTRIAN;INCAPACITATING INJURY
1681;352752;PEDALCYCLIST;NON-INCAPACITATING INJURY
1686;352757;PEDESTRIAN;NON-INCAPACITATING INJURY
1687;352758;PEDESTRIAN;POSSIBLE INJURY
1688;352759;PEDALCYCLIST;NON-INCAPACITATING INJURY
1689;352760;PEDALCYCLIST;INCAPACITATING INJURY
1690;352761;PEDESTRIAN;POSSIBLE INJURY
1693;352764;PEDESTRIAN;POSSIBLE INJURY
1694;352765;PEDESTRIAN;POSSIBLE INJURY
1696;352767;PEDESTRIAN;INCAPACITATING INJURY
1697;352768;PEDESTRIAN;POSSIBLE INJURY
1698;352769;PEDESTRIAN;POSSIBLE INJURY
1699;352770;PEDESTRIAN;POSSIBLE INJURY
1700;352771;PEDESTRIAN;POSSIBLE INJURY
1701;352772;PEDESTRIAN;INCAPACITATING INJURY
1702;352773;PEDESTRIAN;POSSIBLE INJURY
1703;352774;PEDALCYCLIST;INCAPACITATING INJURY
1704;352775;PEDESTRIAN;UNKNOWN
1705;352776;PEDALCYCLIST;NOT INJURED
1706;352777;PEDESTRIAN;NON-INCAPACITATING INJURY
1707;352778;PEDESTRIAN;NON-INCAPACITATING INJURY
1708;352779;PEDALCYCLIST;NON-INCAPACITATING INJURY
1709;352780;PEDALCYCLIST;POSSIBLE INJURY
1710;352781;PEDESTRIAN;NON-INCAPACITATING INJURY
1711;352782;PEDALCYCLIST;POSSIBLE INJURY
1712;352783;PEDESTRIAN;INCAPACITATING INJURY
1713;352784;PEDALCYCLIST;POSSIBLE INJURY
1714;352785;PEDESTRIAN;NON-INCAPACITATING INJURY
1715;352786;PEDESTRIAN;POSSIBLE INJURY
1718;352789;PEDESTRIAN;POSSIBLE INJURY
1719;352790;PEDESTRIAN;INCAPACITATING INJURY
1720;352791;PEDESTRIAN;NON-INCAPACITATING INJURY
1721;352792;PEDESTRIAN;POSSIBLE INJURY
1723;352794;PEDESTRIAN;NON-INCAPACITATING INJURY
1724;352795;PEDESTRIAN;NON-INCAPACITATING INJURY
1725;352796;PEDALCYCLIST;POSSIBLE INJURY
1726;352797;PEDESTRIAN;POSSIBLE INJURY
1727;352798;PEDESTRIAN;POSSIBLE INJURY
1728;352799;PEDESTRIAN;NON-INCAPACITATING INJURY
1729;352800;PEDESTRIAN;INCAPACITATING INJURY
1730;352801;PEDALCYCLIST;POSSIBLE INJURY
1733;352804;PEDESTRIAN;POSSIBLE INJURY
1734;352805;PEDALCYCLIST;POSSIBLE INJURY
1735;352806;PEDESTRIAN;POSSIBLE INJURY
1736;352807;PEDALCYCLIST;POSSIBLE INJURY
1738;352809;PEDESTRIAN;POSSIBLE INJURY
1740;352811;PEDESTRIAN;POSSIBLE INJURY
1741;352812;PEDESTRIAN;POSSIBLE INJURY
1743;352814;PEDESTRIAN;NON-INCAPACITATING INJURY
1744;352815;PEDALCYCLIST;POSSIBLE INJURY
1745;352816;PEDESTRIAN;INCAPACITATING INJURY
1746;352817;PEDALCYCLIST;NON-INCAPACITATING INJURY
1747;352818;PEDESTRIAN;POSSIBLE INJURY
1749;352820;PEDESTRIAN;POSSIBLE INJURY
1750;352821;PEDALCYCLIST;POSSIBLE INJURY
1751;352822;PEDESTRIAN;KILLED
1755;352826;PEDESTRIAN;KILLED
1757;352828;PEDESTRIAN;POSSIBLE INJURY
1758;352829;PEDESTRIAN;POSSIBLE INJURY
1759;352830;PEDESTRIAN;NON-INCAPACITATING INJURY
1760;352831;PEDESTRIAN;INCAPACITATING INJURY
1761;352832;PEDESTRIAN;NON-INCAPACITATING INJURY
1762;352833;PEDESTRIAN;POSSIBLE INJURY
1765;352836;PEDESTRIAN;NON-INCAPACITATING INJURY
1766;352837;PEDALCYCLIST;POSSIBLE INJURY
1768;352839;PEDESTRIAN;NON-INCAPACITATING INJURY
1772;352843;PEDESTRIAN;POSSIBLE INJURY
1773;352844;PEDESTRIAN;POSSIBLE INJURY
1774;352845;PEDESTRIAN;POSSIBLE INJURY
1776;352847;PEDESTRIAN;POSSIBLE INJURY
1778;352849;PEDESTRIAN;POSSIBLE INJURY
1779;352850;PEDESTRIAN;NON-INCAPACITATING INJURY
1782;352853;PEDALCYCLIST;NON-INCAPACITATING INJURY
1783;352854;PEDALCYCLIST;POSSIBLE INJURY
1784;352855;PEDESTRIAN;NON-INCAPACITATING INJURY
1785;352856;PEDESTRIAN;INCAPACITATING INJURY
1786;352857;PEDALCYCLIST;POSSIBLE INJURY
1787;352858;PEDESTRIAN;POSSIBLE INJURY
1788;352859;PEDESTRIAN;NON-INCAPACITATING INJURY
1789;352860;PEDESTRIAN;POSSIBLE INJURY
1791;352862;PEDALCYCLIST;POSSIBLE INJURY
1792;352863;PEDESTRIAN;NON-INCAPACITATING INJURY
1793;352864;PEDESTRIAN;POSSIBLE INJURY
1794;352865;PEDALCYCLIST;NON-INCAPACITATING INJURY
1795;352866;PEDALCYCLIST;NON-INCAPACITATING INJURY
1796;352867;PEDESTRIAN;NON-INCAPACITATING INJURY
1798;352869;PEDESTRIAN;POSSIBLE INJURY
1799;352870;PEDALCYCLIST;INCAPACITATING INJURY
1800;352871;PEDESTRIAN;INCAPACITATING INJURY
1801;352872;PEDESTRIAN;POSSIBLE INJURY
1803;352874;PEDESTRIAN;POSSIBLE INJURY
1804;352875;PEDALCYCLIST;POSSIBLE INJURY
1805;352876;PEDESTRIAN;POSSIBLE INJURY
1806;352877;PEDESTRIAN;NON-INCAPACITATING INJURY
1807;352878;PEDESTRIAN;POSSIBLE INJURY
1808;352879;PEDESTRIAN;NON-INCAPACITATING INJURY
1809;352880;PEDESTRIAN;POSSIBLE INJURY
1810;352881;PEDALCYCLIST;POSSIBLE INJURY
1811;352882;PEDESTRIAN;NON-INCAPACITATING INJURY
1813;352884;PEDESTRIAN;INCAPACITATING INJURY
1815;352886;PEDALCYCLIST;INCAPACITATING INJURY
1816;352887;PEDESTRIAN;NON-INCAPACITATING INJURY
1817;352888;PEDALCYCLIST;POSSIBLE INJURY
1818;352889;PEDESTRIAN;POSSIBLE INJURY
1819;352890;PEDESTRIAN;UNKNOWN
1820;352891;PEDESTRIAN;POSSIBLE INJURY
1822;352893;PEDESTRIAN;POSSIBLE INJURY
1824;352893;PEDESTRIAN;NOT INJURED
1827;352898;PEDESTRIAN;INCAPACITATING INJURY
1828;352899;PEDESTRIAN;NON-INCAPACITATING INJURY
1829;352900;PEDALCYCLIST;POSSIBLE INJURY
1830;352901;PEDALCYCLIST;POSSIBLE INJURY
1831;352902;PEDESTRIAN;POSSIBLE INJURY
1834;352905;PEDESTRIAN;POSSIBLE INJURY
1835;352906;PEDESTRIAN;POSSIBLE INJURY
1836;352907;PEDESTRIAN;POSSIBLE INJURY
1837;352908;PEDALCYCLIST;NON-INCAPACITATING INJURY
1838;352909;PEDESTRIAN;POSSIBLE INJURY
1839;352910;PEDALCYCLIST;NON-INCAPACITATING INJURY
1840;352911;PEDESTRIAN;POSSIBLE INJURY
1841;352912;PEDALCYCLIST;INCAPACITATING INJURY
1842;352913;PEDESTRIAN;NON-INCAPACITATING INJURY
1844;352915;PEDESTRIAN;NON-INCAPACITATING INJURY
1845;352916;PEDALCYCLIST;POSSIBLE INJURY
1848;352919;PEDESTRIAN;INCAPACITATING INJURY
1849;352920;PEDESTRIAN;INCAPACITATING INJURY
1850;352921;PEDESTRIAN;POSSIBLE INJURY
1852;352923;PEDESTRIAN;POSSIBLE INJURY
1853;352924;PEDALCYCLIST;POSSIBLE INJURY
1855;352926;PEDESTRIAN;POSSIBLE INJURY
1856;352927;PEDESTRIAN;NON-INCAPACITATING INJURY
1859;352930;PEDESTRIAN;KILLED
1861;352932;PEDESTRIAN;KILLED
1864;352935;PEDALCYCLIST;NON-INCAPACITATING INJURY
1866;352937;PEDALCYCLIST;INCAPACITATING INJURY
1867;352938;PEDALCYCLIST;POSSIBLE INJURY
1868;352939;PEDESTRIAN;INCAPACITATING INJURY
1869;352940;PEDESTRIAN;KILLED
1872;352943;PEDALCYCLIST;NON-INCAPACITATING INJURY
1873;352944;PEDESTRIAN;POSSIBLE INJURY
1874;352945;PEDESTRIAN;NON-INCAPACITATING INJURY
1875;352946;PEDALCYCLIST;POSSIBLE INJURY
1876;352947;PEDALCYCLIST;POSSIBLE INJURY
1877;352948;PEDESTRIAN;POSSIBLE INJURY
1878;352949;PEDESTRIAN;INCAPACITATING INJURY
1879;352950;PEDESTRIAN;NON-INCAPACITATING INJURY
1880;352951;PEDALCYCLIST;NOT INJURED
1881;352952;PEDESTRIAN;POSSIBLE INJURY
1882;352953;PEDESTRIAN;POSSIBLE INJURY
1883;352954;PEDESTRIAN;KILLED
1885;352956;PEDESTRIAN;INCAPACITATING INJURY
1886;352957;PEDESTRIAN;NON-INCAPACITATING INJURY
1887;352958;PEDESTRIAN;POSSIBLE INJURY
1888;352959;PEDESTRIAN;NON-INCAPACITATING INJURY
1889;352960;PEDESTRIAN;NON-INCAPACITATING INJURY
1890;352961;PEDESTRIAN;POSSIBLE INJURY
1892;352963;PEDALCYCLIST;POSSIBLE INJURY
1893;352964;PEDALCYCLIST;NON-INCAPACITATING INJURY
1896;352967;PEDESTRIAN;KILLED
1898;352969;PEDESTRIAN;NON-INCAPACITATING INJURY
1899;352970;PEDESTRIAN;POSSIBLE INJURY
1900;352971;PEDESTRIAN;POSSIBLE INJURY
1902;352973;PEDALCYCLIST;NOT INJURED
1906;352977;PEDESTRIAN;NOT INJURED
1908;352979;PEDESTRIAN;KILLED
1909;352980;PEDESTRIAN;KILLED
1910;352981;PEDESTRIAN;KILLED
1911;352982;PEDALCYCLIST;KILLED
1912;352983;PEDESTRIAN;KILLED
1914;352985;PEDESTRIAN;KILLED
1915;352986;PEDESTRIAN;KILLED
1917;352988;PEDESTRIAN;POSSIBLE INJURY
1918;352989;PEDESTRIAN;INCAPACITATING INJURY
1919;352990;PEDALCYCLIST;POSSIBLE INJURY
1920;352991;PEDESTRIAN;KILLED
1921;352992;PEDESTRIAN;KILLED
1923;352994;PEDESTRIAN;KILLED
1924;352995;PEDESTRIAN;KILLED
1930;353001;PEDESTRIAN;KILLED
1932;353003;PEDESTRIAN;KILLED
1933;353004;PEDESTRIAN;KILLED
1934;353005;PEDESTRIAN;KILLED
1936;353007;PEDALCYCLIST;KILLED
1937;353008;PEDESTRIAN;KILLED
1938;353009;PEDESTRIAN;KILLED
1940;353011;PEDALCYCLIST;POSSIBLE INJURY
1941;353012;PEDALCYCLIST;POSSIBLE INJURY
1942;353013;PEDESTRIAN;POSSIBLE INJURY
1943;353014;PEDALCYCLIST;POSSIBLE INJURY
1944;353015;PEDESTRIAN;POSSIBLE INJURY
1945;353016;PEDALCYCLIST;NON-INCAPACITATING INJURY
1946;353017;PEDESTRIAN;POSSIBLE INJURY
1947;353018;PEDESTRIAN;INCAPACITATING INJURY
1948;353019;PEDALCYCLIST;POSSIBLE INJURY
1949;353020;PEDALCYCLIST;POSSIBLE INJURY
1950;353021;PEDESTRIAN;POSSIBLE INJURY
1951;353022;PEDALCYCLIST;NON-INCAPACITATING INJURY
1952;353023;PEDALCYCLIST;NON-INCAPACITATING INJURY
1953;353024;PEDALCYCLIST;POSSIBLE INJURY
1954;353025;PEDESTRIAN;INCAPACITATING INJURY
1955;353026;PEDESTRIAN;POSSIBLE INJURY
1956;353027;PEDALCYCLIST;POSSIBLE INJURY
1957;353028;PEDALCYCLIST;POSSIBLE INJURY
1959;353030;PEDESTRIAN;POSSIBLE INJURY
1960;353031;PEDESTRIAN;POSSIBLE INJURY
1961;353032;PEDALCYCLIST;KILLED
1962;353033;PEDALCYCLIST;NON-INCAPACITATING INJURY
1963;353034;PEDALCYCLIST;POSSIBLE INJURY
1964;353035;PEDESTRIAN;NON-INCAPACITATING INJURY
1965;353036;PEDALCYCLIST;KILLED
1966;353037;PEDESTRIAN;NOT INJURED
1967;353038;PEDESTRIAN;INCAPACITATING INJURY
1968;353039;PEDESTRIAN;POSSIBLE INJURY
1969;353040;PEDESTRIAN;POSSIBLE INJURY
1970;353041;PEDALCYCLIST;POSSIBLE INJURY
1971;353042;PEDESTRIAN;KILLED
1972;353043;PEDESTRIAN;KILLED
1973;353044;PEDESTRIAN;KILLED
1974;353045;PEDESTRIAN;NON-INCAPACITATING INJURY
1975;353046;PEDESTRIAN;KILLED
1976;353047;PEDESTRIAN;KILLED
1977;353048;PEDESTRIAN;INCAPACITATING INJURY
1978;353049;PEDESTRIAN;KILLED
1979;353050;PEDALCYCLIST;KILLED
1980;353051;PEDESTRIAN;POSSIBLE INJURY
1982;353053;PEDESTRIAN;KILLED
1983;353054;PEDESTRIAN;KILLED
1984;353055;PEDESTRIAN;KILLED
1986;353057;PEDESTRIAN;KILLED
1987;353058;PEDESTRIAN;KILLED
1990;353061;PEDESTRIAN;KILLED
1997;353068;PEDESTRIAN;NON-INCAPACITATING INJURY
1998;353069;PEDESTRIAN;NOT INJURED
2000;353071;PEDESTRIAN;KILLED
2001;353072;PEDALCYCLIST;INCAPACITATING INJURY
2002;353073;PEDESTRIAN;KILLED
2004;353075;PEDESTRIAN;KILLED
2005;353076;PEDESTRIAN;POSSIBLE INJURY
2006;353077;PEDESTRIAN;KILLED
2007;353078;PEDESTRIAN;INCAPACITATING INJURY
2008;353079;PEDALCYCLIST;NON-INCAPACITATING INJURY
2009;353080;PEDESTRIAN;POSSIBLE INJURY
2010;353081;PEDESTRIAN;INCAPACITATING INJURY
2011;353082;PEDESTRIAN;NON-INCAPACITATING INJURY
2012;353083;PEDESTRIAN;POSSIBLE INJURY
2013;353084;PEDESTRIAN;POSSIBLE INJURY
2014;353085;PEDALCYCLIST;POSSIBLE INJURY
2015;353086;PEDESTRIAN;KILLED
2016;353087;PEDESTRIAN;KILLED
2018;353089;PEDESTRIAN;INCAPACITATING INJURY
2019;353090;PEDESTRIAN;POSSIBLE INJURY
2020;353091;PEDESTRIAN;KILLED
2021;353092;PEDESTRIAN;KILLED
2025;353096;PEDALCYCLIST;POSSIBLE INJURY
2031;353102;PEDESTRIAN;NON-INCAPACITATING INJURY
